{
	"credit": "Made with Blockbench",
	"elements": [
		{
			"from": [23, 8, 7],
			"to": [25, 24, 9],
			"rotation": {"angle": 0, "axis": "y", "origin": [23, 8, 7]},
			"faces": {
				"north": {"uv": [0, 0, 0.5, 4], "texture": "#0"},
				"east": {"uv": [0.5, 0, 1, 4], "texture": "#0"},
				"south": {"uv": [1, 0, 1.5, 4], "texture": "#0"},
				"west": {"uv": [1.5, 0, 2, 4], "texture": "#0"},
				"up": {"uv": [5, 7.5, 4.5, 7], "texture": "#0"},
				"down": {"uv": [5.5, 7, 5, 7.5], "texture": "#0"}
			}
		},
		{
			"from": [18, 22, 7],
			"to": [30, 24, 9],
			"rotation": {"angle": 0, "axis": "y", "origin": [23, 8, 7]},
			"faces": {
				"north": {"uv": [3.5, 4, 6.5, 4.5], "texture": "#0"},
				"east": {"uv": [3.5, 7, 4, 7.5], "texture": "#0"},
				"south": {"uv": [4.5, 0, 7.5, 0.5], "texture": "#0"},
				"west": {"uv": [4, 7, 4.5, 7.5], "texture": "#0"},
				"up": {"uv": [7.5, 1, 4.5, 0.5], "texture": "#0"},
				"down": {"uv": [7.5, 1, 4.5, 1.5], "texture": "#0"}
			}
		},
		{
			"from": [12, 8, 6],
			"to": [14, 24, 8],
			"rotation": {"angle": 0, "axis": "y", "origin": [0, 8, 0]},
			"faces": {
				"north": {"uv": [2, 0, 2.5, 4], "texture": "#0"},
				"east": {"uv": [2.5, 0, 3, 4], "texture": "#0"},
				"south": {"uv": [3, 0, 3.5, 4], "texture": "#0"},
				"west": {"uv": [3.5, 0, 4, 4], "texture": "#0"},
				"up": {"uv": [6, 7.5, 5.5, 7], "texture": "#0"},
				"down": {"uv": [6.5, 7, 6, 7.5], "texture": "#0"}
			}
		},
		{
			"from": [-4, 8, 6],
			"to": [-2, 24, 8],
			"rotation": {"angle": 0, "axis": "y", "origin": [-16, 8, 0]},
			"faces": {
				"north": {"uv": [0, 4, 0.5, 8], "texture": "#0"},
				"east": {"uv": [4, 0, 4.5, 4], "texture": "#0"},
				"south": {"uv": [0.5, 4, 1, 8], "texture": "#0"},
				"west": {"uv": [1, 4, 1.5, 8], "texture": "#0"},
				"up": {"uv": [7, 7.5, 6.5, 7], "texture": "#0"},
				"down": {"uv": [7.5, 7, 7, 7.5], "texture": "#0"}
			}
		},
		{
			"from": [-14, 8, 6],
			"to": [-2, 10, 8],
			"rotation": {"angle": 0, "axis": "y", "origin": [-16, 8, 0]},
			"faces": {
				"north": {"uv": [4.5, 1.5, 7.5, 2], "texture": "#0"},
				"east": {"uv": [7.5, 0, 8, 0.5], "texture": "#0"},
				"south": {"uv": [4.5, 2, 7.5, 2.5], "texture": "#0"},
				"west": {"uv": [7.5, 0.5, 8, 1], "texture": "#0"},
				"up": {"uv": [7.5, 3, 4.5, 2.5], "texture": "#0"},
				"down": {"uv": [7.5, 3, 4.5, 3.5], "texture": "#0"}
			}
		},
		{
			"from": [-14, 22, 6],
			"to": [-2, 24, 8],
			"rotation": {"angle": 0, "axis": "y", "origin": [-16, 22, 0]},
			"faces": {
				"north": {"uv": [3.5, 4.5, 6.5, 5], "texture": "#0"},
				"east": {"uv": [7.5, 1, 8, 1.5], "texture": "#0"},
				"south": {"uv": [4.5, 3.5, 7.5, 4], "texture": "#0"},
				"west": {"uv": [7.5, 1.5, 8, 2], "texture": "#0"},
				"up": {"uv": [6.5, 5.5, 3.5, 5], "texture": "#0"},
				"down": {"uv": [6.5, 5.5, 3.5, 6], "texture": "#0"}
			}
		},
		{
			"from": [-14, 15, 6],
			"to": [-2, 17, 8],
			"rotation": {"angle": 0, "axis": "y", "origin": [-16, 15, 0]},
			"faces": {
				"north": {"uv": [3.5, 6, 6.5, 6.5], "texture": "#0"},
				"east": {"uv": [7.5, 2, 8, 2.5], "texture": "#0"},
				"south": {"uv": [3.5, 6.5, 6.5, 7], "texture": "#0"},
				"west": {"uv": [7.5, 2.5, 8, 3], "texture": "#0"},
				"up": {"uv": [9.5, 4.5, 6.5, 4], "texture": "#0"},
				"down": {"uv": [9.5, 4.5, 6.5, 5], "texture": "#0"}
			}
		},
		{
			"from": [2, 8, 6],
			"to": [4, 24, 8],
			"rotation": {"angle": 0, "axis": "y", "origin": [-10, 8, 0]},
			"faces": {
				"north": {"uv": [1.5, 4, 2, 8], "texture": "#0"},
				"east": {"uv": [2, 4, 2.5, 8], "texture": "#0"},
				"south": {"uv": [2.5, 4, 3, 8], "texture": "#0"},
				"west": {"uv": [3, 4, 3.5, 8], "texture": "#0"},
				"up": {"uv": [8, 3.5, 7.5, 3], "texture": "#0"},
				"down": {"uv": [4, 7.5, 3.5, 8], "texture": "#0"}
			}
		},
		{
			"from": [4, 15, 6],
			"to": [12, 17, 8],
			"rotation": {"angle": 0, "axis": "y", "origin": [-10, 8, 0]},
			"faces": {
				"north": {"uv": [6.5, 5, 8.5, 5.5], "texture": "#0"},
				"east": {"uv": [7.5, 3.5, 8, 4], "texture": "#0"},
				"south": {"uv": [6.5, 5.5, 8.5, 6], "texture": "#0"},
				"west": {"uv": [4, 7.5, 4.5, 8], "texture": "#0"},
				"up": {"uv": [8.5, 6.5, 6.5, 6], "texture": "#0"},
				"down": {"uv": [8.5, 6.5, 6.5, 7], "texture": "#0"}
			}
		}
	],
	"display": {
		"head": {
			"rotation": [3, 0, 90],
			"translation": [10, -1.25, 0],
			"scale": [1.25, 1.25, 1.25]
		},
		"fixed": {
			"scale": [2, 2, 2]
		}
	}
}