{
	"credit": "Made with Blockbench",
	"texture_size": [64, 64],
	"elements": [
		{
			"name": "Main",
			"from": [5, 15, -14],
			"to": [11, 18, -8],
			"rotation": {"angle": 22.5, "axis": "x", "origin": [0, 13, -19]},
			"faces": {
				"north": {"uv": [10.5, 8, 12, 8.75], "texture": "#2"},
				"east": {"uv": [10.5, 8.75, 12, 9.5], "texture": "#2"},
				"south": {"uv": [10.5, 9.5, 12, 10.25], "texture": "#2"},
				"west": {"uv": [9.75, 10.5, 11.25, 11.25], "texture": "#2"},
				"up": {"uv": [10.5, 7.5, 9, 6], "texture": "#2"},
				"down": {"uv": [10.5, 7.5, 9, 9], "texture": "#2"}
			}
		},
		{
			"name": "Mouth",
			"from": [5, 16, -14],
			"to": [11, 16, -8],
			"rotation": {"angle": 22.5, "axis": "x", "origin": [0, 13, -19]},
			"faces": {
				"north": {"uv": [0, 0, 1.5, 0], "texture": "#2"},
				"east": {"uv": [0, 0, 1.5, 0], "texture": "#2"},
				"south": {"uv": [0, 0, 1.5, 0], "texture": "#2"},
				"west": {"uv": [0, 0, 1.5, 0], "texture": "#2"},
				"up": {"uv": [10.5, 10.5, 9, 9], "texture": "#2"},
				"down": {"uv": [2.5, 9.25, 1, 10.75], "texture": "#2"}
			}
		},
		{
			"name": "Top",
			"from": [6, 15, -15],
			"to": [10, 18, -14],
			"rotation": {"angle": 22.5, "axis": "x", "origin": [0, 13, -19]},
			"faces": {
				"north": {"uv": [3, 6.5, 4, 7.25], "texture": "#2"},
				"east": {"uv": [3.75, 4.25, 4, 5], "texture": "#2"},
				"south": {"uv": [6, 8.5, 7, 9.25], "texture": "#2"},
				"west": {"uv": [3.75, 5, 4, 5.75], "texture": "#2"},
				"up": {"uv": [1, 11.5, 0, 11.25], "texture": "#2"},
				"down": {"uv": [12.25, 3.25, 11.25, 3.5], "texture": "#2"}
			}
		},
		{
			"name": "Top Mouth",
			"from": [6, 16, -15],
			"to": [10, 16, -14],
			"rotation": {"angle": 22.5, "axis": "x", "origin": [0, 13, -19]},
			"faces": {
				"north": {"uv": [0, 0, 1, 0], "texture": "#2"},
				"east": {"uv": [0, 0, 0.25, 0], "texture": "#2"},
				"south": {"uv": [0, 0, 1, 0], "texture": "#2"},
				"west": {"uv": [0, 0, 0.25, 0], "texture": "#2"},
				"up": {"uv": [12.25, 3.75, 11.25, 3.5], "texture": "#2"},
				"down": {"uv": [12.25, 3.75, 11.25, 4], "texture": "#2"}
			}
		},
		{
			"name": "Main",
			"from": [4, 12, -10],
			"to": [12, 19, 7],
			"rotation": {"angle": 0, "axis": "y", "origin": [0, 8, -1]},
			"faces": {
				"north": {"uv": [7, 5.75, 9, 7.5], "texture": "#2"},
				"east": {"uv": [4, 0, 8.25, 1.75], "texture": "#2"},
				"south": {"uv": [7, 7.5, 9, 9.25], "texture": "#2"},
				"west": {"uv": [4, 1.75, 8.25, 3.5], "texture": "#2"},
				"up": {"uv": [2, 4.25, 0, 0], "texture": "#2"},
				"down": {"uv": [4, 0, 2, 4.25], "texture": "#2"}
			}
		},
		{
			"name": "Mouth",
			"from": [4, 12, -8],
			"to": [12, 19, -8],
			"rotation": {"angle": 0, "axis": "y", "origin": [0, 8, -1]},
			"faces": {
				"north": {"uv": [3, 7.75, 5, 9.5], "texture": "#2"},
				"east": {"uv": [0, 0, 0, 1.75], "texture": "#2"},
				"south": {"uv": [7.75, 3.5, 9.75, 5.25], "texture": "#2"},
				"west": {"uv": [0, 0, 0, 1.75], "texture": "#2"},
				"up": {"uv": [2, 0, 0, 0], "texture": "#2"},
				"down": {"uv": [2, 0, 0, 0], "texture": "#2"}
			}
		},
		{
			"name": "Top",
			"from": [5, 19, -10],
			"to": [11, 20, 7],
			"rotation": {"angle": 0, "axis": "y", "origin": [0, 8, -1]},
			"faces": {
				"north": {"uv": [8.25, 3.25, 9.75, 3.5], "texture": "#2"},
				"east": {"uv": [10.5, 10.25, 14.75, 10.5], "texture": "#2"},
				"south": {"uv": [7.5, 10, 9, 10.25], "texture": "#2"},
				"west": {"uv": [11, 0, 15.25, 0.25], "texture": "#2"},
				"up": {"uv": [5.5, 7.75, 4, 3.5], "texture": "#2"},
				"down": {"uv": [1.5, 4.25, 0, 8.5], "texture": "#2"}
			}
		},
		{
			"name": "Top Mouth",
			"from": [5, 19, -8],
			"to": [11, 20, -8],
			"rotation": {"angle": 0, "axis": "y", "origin": [0, 8, -1]},
			"faces": {
				"north": {"uv": [7.5, 10.25, 9, 10.5], "texture": "#2"},
				"east": {"uv": [0, 0, 0, 0.25], "texture": "#2"},
				"south": {"uv": [11, 2.25, 12.5, 2.5], "texture": "#2"},
				"west": {"uv": [0, 0, 0, 0.25], "texture": "#2"},
				"up": {"uv": [1.5, 0, 0, 0], "texture": "#2"},
				"down": {"uv": [1.5, 0, 0, 0], "texture": "#2"}
			}
		},
		{
			"name": "Low",
			"from": [8, 14, 12],
			"to": [10, 17, 20],
			"rotation": {"angle": -22.5, "axis": "y", "origin": [1, 8, 17]},
			"faces": {
				"north": {"uv": [5, 7.75, 5.5, 8.5], "texture": "#2"},
				"east": {"uv": [10.5, 6, 12.5, 6.75], "texture": "#2"},
				"south": {"uv": [1, 8.5, 1.5, 9.25], "texture": "#2"},
				"west": {"uv": [10.5, 6.75, 12.5, 7.5], "texture": "#2"},
				"up": {"uv": [5, 12.25, 4.5, 10.25], "texture": "#2"},
				"down": {"uv": [1.5, 10.75, 1, 12.75], "texture": "#2"}
			}
		},
		{
			"name": "Mid Top",
			"from": [9, 18, 8],
			"to": [13, 19, 19],
			"rotation": {"angle": 22.5, "axis": "y", "origin": [3, 8, 15]},
			"faces": {
				"north": {"uv": [7.5, 11, 8.5, 11.25], "texture": "#2"},
				"east": {"uv": [11, 0.25, 13.75, 0.5], "texture": "#2"},
				"south": {"uv": [8.5, 11, 9.5, 11.25], "texture": "#2"},
				"west": {"uv": [11, 0.5, 13.75, 0.75], "texture": "#2"},
				"up": {"uv": [1, 11.25, 0, 8.5], "texture": "#2"},
				"down": {"uv": [6, 8.5, 5, 11.25], "texture": "#2"}
			}
		},
		{
			"name": "Mid",
			"from": [8, 13, 8],
			"to": [14, 18, 19],
			"rotation": {"angle": 22.5, "axis": "y", "origin": [3, 8, 15]},
			"faces": {
				"north": {"uv": [9.75, 3.25, 11.25, 4.5], "texture": "#2"},
				"east": {"uv": [8.25, 0, 11, 1.25], "texture": "#2"},
				"south": {"uv": [6, 10, 7.5, 11.25], "texture": "#2"},
				"west": {"uv": [8.25, 1.25, 11, 2.5], "texture": "#2"},
				"up": {"uv": [7, 8.5, 5.5, 5.75], "texture": "#2"},
				"down": {"uv": [3, 6.5, 1.5, 9.25], "texture": "#2"}
			}
		},
		{
			"from": [3, 13, -6],
			"to": [4, 15, -4],
			"rotation": {"angle": 0, "axis": "y", "origin": [-9, -2, -6]},
			"faces": {
				"north": {"uv": [3.75, 5.75, 4, 6.25], "texture": "#2"},
				"east": {"uv": [3, 7.25, 3.5, 7.75], "texture": "#2"},
				"south": {"uv": [8.75, 5.25, 9, 5.75], "texture": "#2"},
				"west": {"uv": [3.5, 7.25, 4, 7.75], "texture": "#2"},
				"up": {"uv": [8.75, 9.75, 8.5, 9.25], "texture": "#2"},
				"down": {"uv": [9, 9.25, 8.75, 9.75], "texture": "#2"}
			}
		},
		{
			"from": [12, 13, -6],
			"to": [13, 15, -4],
			"rotation": {"angle": 0, "axis": "y", "origin": [0, -2, -6]},
			"faces": {
				"north": {"uv": [9.5, 11, 9.75, 11.5], "texture": "#2"},
				"east": {"uv": [7.75, 5.25, 8.25, 5.75], "texture": "#2"},
				"south": {"uv": [11.25, 4, 11.5, 4.5], "texture": "#2"},
				"west": {"uv": [8.25, 5.25, 8.75, 5.75], "texture": "#2"},
				"up": {"uv": [5.25, 11.75, 5, 11.25], "texture": "#2"},
				"down": {"uv": [5.5, 11.25, 5.25, 11.75], "texture": "#2"}
			}
		},
		{
			"name": "Head",
			"from": [8, 20, -7],
			"to": [8, 23, 7],
			"rotation": {"angle": 0, "axis": "y", "origin": [0, 8, -1]},
			"faces": {
				"north": {"uv": [0, 0, 0, 0.75], "texture": "#2"},
				"east": {"uv": [8.25, 2.5, 11.75, 3.25], "texture": "#2"},
				"south": {"uv": [0, 0, 0, 0.75], "texture": "#2"},
				"west": {"uv": [9, 5.25, 12.5, 6], "texture": "#2"},
				"up": {"uv": [0, 3.5, 0, 0], "texture": "#2"},
				"down": {"uv": [0, 0, 0, 3.5], "texture": "#2"}
			}
		},
		{
			"name": "Mid",
			"from": [11, 19, 9],
			"to": [11, 23, 19],
			"rotation": {"angle": 22.5, "axis": "y", "origin": [3, 8, 15]},
			"faces": {
				"north": {"uv": [0, 0, 0, 0.75], "texture": "#2"},
				"east": {"uv": [6, 9.25, 8.5, 10], "texture": "#2"},
				"south": {"uv": [0, 0, 0, 0.75], "texture": "#2"},
				"west": {"uv": [2.5, 9.5, 5, 10.25], "texture": "#2"},
				"up": {"uv": [0, 2.5, 0, 0], "texture": "#2"},
				"down": {"uv": [0, 0, 0, 2.5], "texture": "#2"}
			}
		},
		{
			"name": "Low",
			"from": [9, 17, 12],
			"to": [9, 21, 20],
			"rotation": {"angle": -22.5, "axis": "y", "origin": [1, 8, 17]},
			"faces": {
				"north": {"uv": [0, 0, 0, 0.75], "texture": "#2"},
				"east": {"uv": [9.75, 4.5, 11.75, 5.25], "texture": "#2"},
				"south": {"uv": [0, 0, 0, 0.75], "texture": "#2"},
				"west": {"uv": [2.5, 10.25, 4.5, 11], "texture": "#2"},
				"up": {"uv": [0, 2, 0, 0], "texture": "#2"},
				"down": {"uv": [0, 0, 0, 2], "texture": "#2"}
			}
		},
		{
			"name": "Tail",
			"from": [8, 15, 23],
			"to": [8, 17, 32],
			"rotation": {"angle": 0, "axis": "y", "origin": [0, 8, 17]},
			"faces": {
				"north": {"uv": [0, 0, 0, 0.5], "texture": "#2"},
				"east": {"uv": [7.5, 10.5, 9.75, 11], "texture": "#2"},
				"south": {"uv": [0, 0, 0, 0.5], "texture": "#2"},
				"west": {"uv": [10.5, 7.5, 12.75, 8], "texture": "#2"},
				"up": {"uv": [0, 2.25, 0, 0], "texture": "#2"},
				"down": {"uv": [0, 0, 0, 2.25], "texture": "#2"}
			}
		},
		{
			"name": "stem",
			"from": [8, 11.46016, -15],
			"to": [8, 20.46016, -6],
			"rotation": {"angle": -45, "axis": "x", "origin": [8, 15.96016, -16.68808]},
			"faces": {
				"north": {"uv": [0, 0, 0, 2.25], "texture": "#2"},
				"east": {"uv": [1.5, 4.25, 3.75, 6.5], "texture": "#2"},
				"south": {"uv": [0, 0, 0, 2.25], "texture": "#2"},
				"west": {"uv": [5.5, 3.5, 7.75, 5.75], "texture": "#2"},
				"up": {"uv": [0, 2.25, 0, 0], "texture": "#2"},
				"down": {"uv": [0, 0, 0, 2.25], "texture": "#2"}
			}
		},
		{
			"from": [6.5, 20, -15],
			"to": [9.5, 23, -12],
			"rotation": {"angle": -45, "axis": "x", "origin": [0, 20, -14]},
			"faces": {
				"north": {"uv": [1.5, 10.75, 2.25, 11.5], "texture": "#2"},
				"east": {"uv": [11, 0.75, 11.75, 1.5], "texture": "#2"},
				"south": {"uv": [11, 1.5, 11.75, 2.25], "texture": "#2"},
				"west": {"uv": [2.25, 11, 3, 11.75], "texture": "#2"},
				"up": {"uv": [3.75, 11.75, 3, 11], "texture": "#2"},
				"down": {"uv": [4.5, 11, 3.75, 11.75], "texture": "#2"}
			}
		}
	],
	"display": {
		"thirdperson_righthand": {
			"rotation": [-23, 0, 0],
			"translation": [-6, -1.5, 40.5],
			"scale": [1.5, 1.5, 1.5]
		},
		"gui": {
			"rotation": [0, 90, 0],
			"translation": [0, -9.75, 0]
		},
		"head": {
			"rotation": [0, 0, -2],
			"translation": [-1.75, -53, 56.5],
			"scale": [4, 4, 4]
		}
	},
	"groups": [
		{
			"name": "Bottom Lip",
			"origin": [0, 13, -18],
			"color": 0,
			"children": [0, 1, 2, 3]
		},
		{
			"name": "Head",
			"origin": [0, 8, -1],
			"color": 0,
			"children": [4, 5, 6, 7]
		},
		{
			"name": "Body",
			"origin": [3, 8, 15],
			"color": 0,
			"children": [8, 9, 10]
		},
		{
			"name": "Eyes",
			"origin": [0, -2, -6],
			"color": 0,
			"children": [11, 12]
		},
		{
			"name": "Fins",
			"origin": [-9, -2, -6],
			"color": 0,
			"children": [13, 14, 15]
		},
		{
			"name": "group",
			"origin": [8, 8, 8],
			"color": 0,
			"children": [16, 17, 18]
		}
	]
}