{
  "buzz": {
    "category": "ambient",
    "sounds": [ "custom:buzz" ]
  },
  "newwood": {
    "category": "block",
    "sounds": [ "custom:newwood1", "custom:newwood2", "custom:newwood3", "custom:newwood4", "custom:newwood5", "custom:newwood6" ]
  },
  "newwooddig": {
    "category": "block",
    "sounds": [ "custom:newwooddig1", "custom:newwooddig2", "custom:newwooddig3", "custom:newwooddig4" ]
  },
  "harpnew": {
    "category": "block",
    "sounds": [ "custom:harpnew" ]
  },
  "harpnewlow": {
    "category": "block",
    "sounds": [ "custom:harpnewlow" ]
  },
  "harpnewhigh": {
    "category": "block",
    "sounds": [ "custom:harpnewhigh" ]
  },
  "wrenchuse": {
    "category": "block",
    "sounds": [ "custom:wrenchuse" ]
  },
  "bassnew": {
    "category": "block",
    "sounds": [ "custom:bassnew" ]
  },
  "steamhiss": {
    "category": "block",
    "sounds": [ "custom:steamhiss" ]
  },
  "lightactivate": {
    "category": "block",
    "sounds": [ "custom:lightactivate" ]
  },
  "level1ambience": {
    "category": "block",
    "sounds": [ "custom:level1ambience" ]
  },
  "level2ambience": {
    "category": "block",
    "sounds": [ "custom:level2ambience" ]
  },
  "static_fadeinout": {
    "category": "block",
    "sounds": [ "custom:static_fadeinout" ]
  },
  "wayback_zap_1": {
    "category": "block",
    "sounds": [ "custom:wayback_zap_1" ]
  },
  "wayback_zap_2": {
    "category": "block",
    "sounds": [ "custom:wayback_zap_2" ]
  },
  "flashlight_click": {
    "category": "block",
    "sounds": [ "custom:flashlight_click" ]
  },
  "knock_wall": {
    "category": "block",
    "sounds": [ "custom:knock_wall" ]
  },
  "wind_ambience": {
    "category": "block",
    "sounds": [ "custom:wind_ambience" ]
  },
  "phantom_party_chatter": {
    "category": "block",
    "sounds": [ "custom:phantom_party_chatter" ]
  },
  "distant_metal": {
    "category": "block",
    "sounds": [ "custom:distant_metal" ]
  },
  "distant_thunder": {
    "category": "block",
    "sounds": [ "custom:distant_thunder" ]
  },
  "level_6_ambience": {
    "category": "block",
    "sounds": [ "custom:level_6_ambience" ]
  },
  "low_sanity": {
    "category": "block",
    "sounds": [ "custom:low_sanity" ]
  },
  "metal_hit_1": {
    "category": "block",
    "sounds": [ "custom:metal_hit_1" ]
  },
  "metal_hit_2": {
    "category": "block",
    "sounds": [ "custom:metal_hit_2" ]
  },
  "metal_hit_3": {
    "category": "block",
    "sounds": [ "custom:metal_hit_3" ]
  },
  "metal_hit_4": {
    "category": "block",
    "sounds": [ "custom:metal_hit_4" ]
  },
  "computer_humming": {
    "category": "block",
    "sounds": [ "custom:computer_humming" ]
  },
  "activate": {
    "category": "block",
    "sounds": [ "custom:activate" ]
  },
  "distant_people": {
    "category": "block",
    "sounds": [ "custom:distant_people" ]
  },
  "beach_ambience": {
    "category": "block",
    "sounds": [ "custom:beach_ambience" ]
  },
  "ocean_ambience": {
    "category": "block",
    "sounds": [ "custom:ocean_ambience" ]
  },
  "night_ambience": {
    "category": "block",
    "sounds": [ "custom:night_ambience" ]
  },
  "alarm": {
    "category": "block",
    "sounds": [ "custom:alarm" ]
  },
  "banjonew": {
    "category": "block",
    "sounds": [ "custom:banjonew" ]
  },
  "cow_bell_new": {
    "category": "block",
    "sounds": [ "custom:cow_bell_new" ]
  },
  "radio_on": {
    "category": "block",
    "sounds": [ "custom:radio_on" ]
  },
  "radio_static": {
    "category": "block",
    "sounds": [ "custom:radio_static" ]
  }
}