{
  "buzz": {
    "sounds": [ "custom:buzz" ]
  },
  "newwood": {
    "sounds": [ "custom:newwood1", "custom:newwood2", "custom:newwood3", "custom:newwood4", "custom:newwood5", "custom:newwood6" ],
    "subtitle": "subtitles.block.generic.hit"
  },
  "newwooddig": {
    "sounds": [ "custom:newwooddig1", "custom:newwooddig2", "custom:newwooddig3", "custom:newwooddig4" ],
    "subtitle": "subtitles.block.generic.break"
  },
  "harpnew": {
    "sounds": [ "custom:harpnew" ]
  },
  "harpnewlow": {
    "sounds": [ "custom:harpnewlow" ]
  },
  "harpnewhigh": {
    "sounds": [ "custom:harpnewhigh" ]
  },
  "wrench_use": {
    "sounds": [ "custom:wrench_use" ],
    "subtitle": "subtitles.expb.wrench_use"
  },
  "bassnew": {
    "sounds": [ "custom:bassnew" ]
  },
  "steam_hiss": {
    "sounds": [ "custom:steam_hiss" ],
    "subtitle": "subtitles.expb.steam_hiss"
  },
  "light_activate": {
    "sounds": [ "custom:light_activate" ],
    "subtitle": "subtitles.expb.light_activate"
  },
  "level1ambience": {
    "sounds": [ "custom:level1ambience" ]
  },
  "level2ambience": {
    "sounds": [ "custom:level2ambience" ]
  },
  "static_fade_in_out": {
    "sounds": [ "custom:static_fade_in_out" ],
    "subtitle": "subtitles.expb.static_fade_in_out"
  },
  "wayback_zap_1": {
    "sounds": [ "custom:wayback_zap_1" ],
    "subtitle": "subtitles.expb.wayback_zap"
  },
  "wayback_zap_2": {
    "sounds": [ "custom:wayback_zap_2" ],
    "subtitle": "subtitles.expb.wayback_zap"
  },
  "flashlight_click": {
    "sounds": [ "custom:flashlight_click" ],
    "subtitle": "subtitles.expb.flashlight_click"
  },
  "knock_wall": {
    "sounds": [ "custom:knock_wall" ],
    "subtitle": "subtitles.expb.knock_wall"
  },
  "wind_ambience": {
    "sounds": [ "custom:wind_ambience" ]
  },
  "phantom_party_chatter": {
    "sounds": [ "custom:phantom_party_chatter" ],
    "subtitle": "subtitles.expb.phantom_party_chatter"
  },
  "distant_metal": {
    "sounds": [ "custom:distant_metal" ],
    "subtitle": "subtitles.expb.distant_metal"
  },
  "distant_thunder": {
    "sounds": [ "custom:distant_thunder" ],
    "subtitle": "subtitles.expb.distant_thunder"
  },
  "level_6_ambience": {
    "sounds": [ "custom:level_6_ambience" ]
  },
  "low_sanity": {
    "sounds": [ "custom:low_sanity" ]
  },
  "metal_hit_1": {
    "sounds": [ "custom:metal_hit_1" ],
    "subtitle": "subtitles.expb.metal_hit"
  },
  "metal_hit_2": {
    "sounds": [ "custom:metal_hit_2" ],
    "subtitle": "subtitles.expb.metal_hit"
  },
  "metal_hit_3": {
    "sounds": [ "custom:metal_hit_3" ],
    "subtitle": "subtitles.expb.metal_hit"
  },
  "metal_hit_4": {
    "sounds": [ "custom:metal_hit_4" ],
    "subtitle": "subtitles.expb.metal_hit"
  },
  "computer_humming": {
    "sounds": [ "custom:computer_humming" ]
  },
  "activate": {
    "sounds": [ "custom:activate" ],
    "subtitle": "subtitles.expb.activate"
  },
  "distant_people": {
    "sounds": [ "custom:distant_people" ]
  },
  "beach_ambience": {
    "sounds": [ "custom:beach_ambience" ]
  },
  "ocean_ambience": {
    "sounds": [ "custom:ocean_ambience" ]
  },
  "night_ambience": {
    "sounds": [ "custom:night_ambience" ]
  },
  "alarm": {
    "sounds": [ "custom:alarm" ],
    "subtitle": "subtitles.expb.alarm"
  },
  "banjonew": {
    "sounds": [ "custom:banjonew" ]
  },
  "cow_bell_new": {
    "sounds": [ "custom:cow_bell_new" ]
  },
  "radio_on": {
    "sounds": [ "custom:radio_on" ],
    "subtitle": "subtitles.expb.radio_on"
  },
  "radio_static": {
    "sounds": [ "custom:radio_static" ],
    "subtitle": "subtitles.expb.radio_static"
  },
  "bass_new_low": {
    "sounds": [ "custom:bass_new_low" ]
  },
  "guitar_new_low": {
    "sounds": [ "custom:guitar_new_low" ]
  },
  "pling_new_low": {
    "sounds": [ "custom:pling_new_low" ]
  },
  "snare_new_low": {
    "sounds": [ "custom:snare_new_low" ]
  },
  "buzz_increase": {
    "sounds": [ "custom:buzz_increase" ],
    "subtitle": "subtitles.expb.buzz_increase"
  },
  "bell_new_high": {
    "sounds": [ "custom:bell_new_high" ]
  },
  "bell_new_low": {
    "sounds": [ "custom:bell_new_low" ]
  },
  "bit_new_low": {
    "sounds": [ "custom:bit_new_low" ]
  },
  "cow_bell_new_low": {
    "sounds": [ "custom:cow_bell_new_low" ]
  },
  "iron_xylophone_new_high": {
    "sounds": [ "custom:iron_xylophone_new_high" ]
  },
  "xylophone_new_low": {
    "sounds": [ "custom:xylophone_new_low" ]
  },
  "whispers": {
    "sounds": [ "custom:whispers" ],
    "subtitle": "subtitles.expb.whispers"
  },
  "high_queen_screech": {
    "sounds": [ "custom:high_queen_screech_1", "custom:high_queen_screech_2", "custom:high_queen_screech_3" ],
    "subtitle": "subtitles.expb.high_queen_screech"
  },
  "hive_ambience": {
    "sounds": [ "custom:hive_ambience" ]
  },
  "hive_monster": {
    "sounds": [ "custom:hive_monster" ],
    "subtitle": "subtitles.expb.hive_monster"
  },
  "didgeridoo_new_high": {
    "sounds": [ "custom:didgeridoo_new_high" ]
  },
  "eye_place_1": {
    "sounds": [ "custom:eye_place_1" ]
  }
}