{
	"credit": "Made with Blockbench",
	"texture_size": [64, 64],
	"elements": [
		{
			"from": [0, 13, 0],
			"to": [16, 16, 2],
			"rotation": {"angle": 0, "axis": "y", "origin": [0, 13, 0]},
			"faces": {
				"north": {"uv": [8, 5, 12, 5.75], "texture": "#0"},
				"east": {"uv": [12, 3.5, 12.5, 4.25], "texture": "#0"},
				"south": {"uv": [8, 5.75, 12, 6.5], "texture": "#0"},
				"west": {"uv": [12, 4.25, 12.5, 5], "texture": "#0"},
				"up": {"uv": [14, 10, 10, 9.5], "texture": "#0"}
			}
		},
		{
			"from": [14, 13, 2],
			"to": [16, 16, 14],
			"rotation": {"angle": 0, "axis": "y", "origin": [14, 13, 2]},
			"faces": {
				"east": {"uv": [8, 7.25, 11, 8], "texture": "#0"},
				"west": {"uv": [7, 8.75, 10, 9.5], "texture": "#0"},
				"up": {"uv": [4.5, 14, 4, 11], "texture": "#0"}
			}
		},
		{
			"from": [0, 13, 2],
			"to": [2, 16, 14],
			"rotation": {"angle": 0, "axis": "y", "origin": [0, 13, 2]},
			"faces": {
				"east": {"uv": [7, 9.5, 10, 10.25], "texture": "#0"},
				"west": {"uv": [10, 8.75, 13, 9.5], "texture": "#0"},
				"up": {"uv": [5, 14, 4.5, 11], "texture": "#0"}
			}
		},
		{
			"from": [0, 13, 14],
			"to": [16, 16, 16],
			"rotation": {"angle": 0, "axis": "y", "origin": [0, 13, 14]},
			"faces": {
				"north": {"uv": [8, 6.5, 12, 7.25], "texture": "#0"},
				"east": {"uv": [12, 5, 12.5, 5.75], "texture": "#0"},
				"south": {"uv": [7, 8, 11, 8.75], "texture": "#0"},
				"west": {"uv": [12, 5.75, 12.5, 6.5], "texture": "#0"},
				"up": {"uv": [14, 10.5, 10, 10], "texture": "#0"}
			}
		},
		{
			"from": [6, 13, 9],
			"to": [10, 14, 10],
			"rotation": {"angle": 0, "axis": "y", "origin": [6, 14, 9]},
			"faces": {
				"north": {"uv": [7, 10.25, 8, 10.5], "texture": "#0"},
				"east": {"uv": [12.5, 10.75, 12.75, 11], "texture": "#0"},
				"south": {"uv": [8, 10.25, 9, 10.5], "texture": "#0"},
				"west": {"uv": [12, 12.5, 12.25, 12.75], "texture": "#0"},
				"up": {"uv": [10, 10.5, 9, 10.25], "texture": "#0"},
				"down": {"uv": [7, 12, 6, 12.25], "texture": "#0"}
			}
		},
		{
			"from": [6, 13, 6],
			"to": [10, 14, 7],
			"rotation": {"angle": 0, "axis": "y", "origin": [6, 14, 6]},
			"faces": {
				"north": {"uv": [12, 6.5, 13, 6.75], "texture": "#0"},
				"east": {"uv": [12.5, 12, 12.75, 12.25], "texture": "#0"},
				"south": {"uv": [12, 6.75, 13, 7], "texture": "#0"},
				"west": {"uv": [12.25, 12.5, 12.5, 12.75], "texture": "#0"},
				"up": {"uv": [13, 7.25, 12, 7], "texture": "#0"},
				"down": {"uv": [13, 10.5, 12, 10.75], "texture": "#0"}
			}
		},
		{
			"from": [5, 13, 3],
			"to": [11, 15, 5],
			"rotation": {"angle": 0, "axis": "y", "origin": [5, 14, 3]},
			"faces": {
				"north": {"uv": [6, 11.5, 7.5, 12], "texture": "#0"},
				"east": {"uv": [7, 12, 7.5, 12.5], "texture": "#0"},
				"south": {"uv": [12, 0, 13.5, 0.5], "texture": "#0"},
				"west": {"uv": [11.5, 12, 12, 12.5], "texture": "#0"},
				"up": {"uv": [13.5, 1, 12, 0.5], "texture": "#0"},
				"down": {"uv": [13.5, 1, 12, 1.5], "texture": "#0"}
			}
		},
		{
			"from": [5, 13, 11],
			"to": [11, 15, 13],
			"rotation": {"angle": 0, "axis": "y", "origin": [5, 14, 11]},
			"faces": {
				"north": {"uv": [12, 1.5, 13.5, 2], "texture": "#0"},
				"east": {"uv": [12, 12, 12.5, 12.5], "texture": "#0"},
				"south": {"uv": [12, 2, 13.5, 2.5], "texture": "#0"},
				"west": {"uv": [6, 12.25, 6.5, 12.75], "texture": "#0"},
				"up": {"uv": [13.5, 3, 12, 2.5], "texture": "#0"},
				"down": {"uv": [13.5, 3, 12, 3.5], "texture": "#0"}
			}
		},
		{
			"from": [6, 13, 7],
			"to": [7, 14, 9],
			"rotation": {"angle": 0, "axis": "y", "origin": [6, 14, 6]},
			"faces": {
				"north": {"uv": [12.5, 12.25, 12.75, 12.5], "texture": "#0"},
				"east": {"uv": [12, 10.75, 12.5, 11], "texture": "#0"},
				"south": {"uv": [12.5, 12.5, 12.75, 12.75], "texture": "#0"},
				"west": {"uv": [12.5, 5, 13, 5.25], "texture": "#0"},
				"up": {"uv": [12.75, 5.75, 12.5, 5.25], "texture": "#0"},
				"down": {"uv": [12.75, 5.75, 12.5, 6.25], "texture": "#0"}
			}
		},
		{
			"from": [9, 13, 7],
			"to": [10, 14, 9],
			"rotation": {"angle": 0, "axis": "y", "origin": [9, 14, 6]},
			"faces": {
				"north": {"uv": [12.75, 5.25, 13, 5.5], "texture": "#0"},
				"east": {"uv": [12.5, 6.25, 13, 6.5], "texture": "#0"},
				"south": {"uv": [12.75, 5.5, 13, 5.75], "texture": "#0"},
				"west": {"uv": [7, 12.5, 7.5, 12.75], "texture": "#0"},
				"up": {"uv": [11.75, 13, 11.5, 12.5], "texture": "#0"},
				"down": {"uv": [12, 12.5, 11.75, 13], "texture": "#0"}
			}
		},
		{
			"from": [11, 13, 3],
			"to": [13, 15, 13],
			"rotation": {"angle": 0, "axis": "y", "origin": [11, 14, 2]},
			"faces": {
				"north": {"uv": [6.5, 12.25, 7, 12.75], "texture": "#0"},
				"east": {"uv": [5, 11, 7.5, 11.5], "texture": "#0"},
				"south": {"uv": [12.5, 3.5, 13, 4], "texture": "#0"},
				"west": {"uv": [11, 7.25, 13.5, 7.75], "texture": "#0"},
				"up": {"uv": [8, 13.5, 7.5, 11], "texture": "#0"},
				"down": {"uv": [8.5, 11, 8, 13.5], "texture": "#0"}
			}
		},
		{
			"from": [3, 13, 3],
			"to": [5, 15, 13],
			"rotation": {"angle": 0, "axis": "y", "origin": [3, 14, 2]},
			"faces": {
				"north": {"uv": [12.5, 4, 13, 4.5], "texture": "#0"},
				"east": {"uv": [11, 7.75, 13.5, 8.25], "texture": "#0"},
				"south": {"uv": [12.5, 4.5, 13, 5], "texture": "#0"},
				"west": {"uv": [11, 8.25, 13.5, 8.75], "texture": "#0"},
				"up": {"uv": [9, 13.5, 8.5, 11], "texture": "#0"},
				"down": {"uv": [9.5, 11, 9, 13.5], "texture": "#0"}
			}
		},
		{
			"from": [0, 2, 0],
			"to": [2, 12, 2],
			"rotation": {"angle": 0, "axis": "y", "origin": [0, 2, -14]},
			"faces": {
				"north": {"uv": [9.5, 11, 10, 13.5], "texture": "#0"},
				"east": {"uv": [10, 11, 10.5, 13.5], "texture": "#0"},
				"south": {"uv": [10.5, 11, 11, 13.5], "texture": "#0"},
				"west": {"uv": [11, 11, 11.5, 13.5], "texture": "#0"}
			}
		},
		{
			"from": [0, 2, 14],
			"to": [2, 12, 16],
			"rotation": {"angle": 0, "axis": "y", "origin": [0, 2, 0]},
			"faces": {
				"north": {"uv": [0, 11.5, 0.5, 14], "texture": "#0"},
				"east": {"uv": [11.5, 0, 12, 2.5], "texture": "#0"},
				"south": {"uv": [0.5, 11.5, 1, 14], "texture": "#0"},
				"west": {"uv": [1, 11.5, 1.5, 14], "texture": "#0"}
			}
		},
		{
			"from": [14, 2, 14],
			"to": [16, 12, 16],
			"rotation": {"angle": 0, "axis": "y", "origin": [14, 2, 0]},
			"faces": {
				"north": {"uv": [1.5, 11.5, 2, 14], "texture": "#0"},
				"east": {"uv": [2, 11.5, 2.5, 14], "texture": "#0"},
				"south": {"uv": [2.5, 11.5, 3, 14], "texture": "#0"},
				"west": {"uv": [11.5, 2.5, 12, 5], "texture": "#0"}
			}
		},
		{
			"from": [14, 2, 0],
			"to": [16, 12, 2],
			"rotation": {"angle": 0, "axis": "y", "origin": [14, 2, -14]},
			"faces": {
				"north": {"uv": [3, 11.5, 3.5, 14], "texture": "#0"},
				"east": {"uv": [3.5, 11.5, 4, 14], "texture": "#0"},
				"south": {"uv": [5, 11.5, 5.5, 14], "texture": "#0"},
				"west": {"uv": [5.5, 11.5, 6, 14], "texture": "#0"}
			}
		},
		{
			"from": [0, 0, 0],
			"to": [16, 2, 16],
			"rotation": {"angle": 0, "axis": "y", "origin": [-2, 0, 0]},
			"faces": {
				"north": {"uv": [0, 10.5, 4, 11], "texture": "#0"},
				"east": {"uv": [4, 10.5, 8, 11], "texture": "#0"},
				"south": {"uv": [8, 10.5, 12, 11], "texture": "#0"},
				"west": {"uv": [0, 11, 4, 11.5], "texture": "#0"},
				"up": {"uv": [4, 4, 0, 0], "texture": "#0"},
				"down": {"uv": [4, 4, 0, 8], "texture": "#0"}
			}
		},
		{
			"from": [1, 2, 1],
			"to": [15, 12, 15],
			"rotation": {"angle": 0, "axis": "y", "origin": [-1, 0, 1]},
			"faces": {
				"north": {"uv": [0, 8, 3.5, 10.5], "texture": "#0"},
				"east": {"uv": [8, 0, 11.5, 2.5], "texture": "#0"},
				"south": {"uv": [8, 2.5, 11.5, 5], "texture": "#0"},
				"west": {"uv": [3.5, 8, 7, 10.5], "texture": "#0"}
			}
		},
		{
			"from": [0, 12, 0],
			"to": [16, 13, 16],
			"rotation": {"angle": 0, "axis": "y", "origin": [-2, 0, 0]},
			"faces": {
				"north": {"uv": [11.5, 11, 15.5, 11.25], "texture": "#0"},
				"east": {"uv": [11.5, 11.25, 15.5, 11.5], "texture": "#0"},
				"south": {"uv": [11.5, 11.5, 15.5, 11.75], "texture": "#0"},
				"west": {"uv": [11.5, 11.75, 15.5, 12], "texture": "#0"},
				"up": {"uv": [8, 4, 4, 0], "texture": "#0"},
				"down": {"uv": [8, 4, 4, 8], "texture": "#0"}
			}
		}
	],
	"display": {
		"thirdperson_righthand": {
			"rotation": [75, 45, 0],
			"translation": [0, 2.5, 0],
			"scale": [0.375, 0.375, 0.375]
		},
		"thirdperson_lefthand": {
			"rotation": [75, 45, 0],
			"translation": [0, 2.5, 0],
			"scale": [0.375, 0.375, 0.375]
		},
		"firstperson_righthand": {
			"rotation": [0, 45, 0],
			"scale": [0.4, 0.4, 0.4]
		},
		"firstperson_lefthand": {
			"rotation": [0, 225, 0],
			"scale": [0.4, 0.4, 0.4]
		},
		"ground": {
			"translation": [0, 3, 0],
			"scale": [0.25, 0.25, 0.25]
		},
		"gui": {
			"rotation": [30, 225, 0],
			"scale": [0.625, 0.625, 0.625]
		},
		"fixed": {
			"scale": [0.5, 0.5, 0.5]
		}
	},
	"groups": [
		{
			"name": "Top",
			"origin": [0, 14, 14],
			"color": 0,
			"children": [0, 1, 2, 3, 4, 5, 6, 7, 8, 9, 10, 11]
		},
		{
			"name": "Block",
			"origin": [8, 8, 8],
			"color": 0,
			"children": [12, 13, 14, 15, 16, 17, 18]
		}
	]
}