{
    "model": {
      "type": "select",
      "property": "custom_model_data",
      "fallback": {
        "type": "model",
        "model": "expb:item/four_space_tether"
      },
      "cases": [
        {
            "when": "level_negative_1",
            "model": {
              "type": "model",
              "model": "expb:item/level_negative_1_four_space_tether"
            }
          },
        {
            "when": "level_0",
            "model": {
              "type": "model",
              "model": "expb:item/level_0_four_space_tether"
            }
          },
        {
          "when": "level_1",
          "model": {
            "type": "model",
            "model": "expb:item/level_1_four_space_tether"
          }
        },
        {
            "when": "level_2",
            "model": {
              "type": "model",
              "model": "expb:item/level_2_four_space_tether"
            }
          },
          {
            "when": "level_4",
            "model": {
              "type": "model",
              "model": "expb:item/level_4_four_space_tether"
            }
          },
          {
            "when": "level_5",
            "model": {
              "type": "model",
              "model": "expb:item/level_5_four_space_tether"
            }
          },
          {
            "when": "level_6",
            "model": {
              "type": "model",
              "model": "expb:item/level_6_four_space_tether"
            }
          },
          {
            "when": "level_7",
            "model": {
              "type": "model",
              "model": "expb:item/level_7_four_space_tether"
            }
          },
          {
            "when": "level_24",
            "model": {
              "type": "model",
              "model": "expb:item/level_24_four_space_tether"
            }
          },
          {
            "when": "level_phi",
            "model": {
              "type": "model",
              "model": "expb:item/level_phi_four_space_tether"
            }
          },
          {
            "when": "level_fun",
            "model": {
              "type": "model",
              "model": "expb:item/level_fun_four_space_tether"
            }
          },
          {
            "when": "the_hub",
            "model": {
              "type": "model",
              "model": "expb:item/the_hub_four_space_tether"
            }
          },
          {
            "when": "the_whiteout",
            "model": {
              "type": "model",
              "model": "expb:item/the_whiteout_four_space_tether"
            }
          },
          {
            "when": "the_end",
            "model": {
              "type": "model",
              "model": "expb:item/the_end_four_space_tether"
            }
          },
          {
            "when": "level_0_2",
            "model": {
              "type": "model",
              "model": "expb:item/level_0_2_four_space_tether"
            }
          },
          {
            "when": "the_hive",
            "model": {
              "type": "model",
              "model": "expb:item/the_hive_four_space_tether"
            }
          }
        ]
    }
  }