{
  "model": {
    "type": "minecraft:condition",
    "on_false": {
      "type": "minecraft:select",
      "property": "custom_model_data",
      "fallback": {
        "type": "model",
        "model": "expb:item/grappling_hook"
      },
      "cases": [
        {
          "when": "active",
          "model": {
            "type": "model",
            "model": "expb:item/grappling_hook_active"
          }
        }
      ]
    },
    "on_true": {
      "type": "minecraft:model",
      "model": "expb:item/broken_grappling_hook"
    },
    "property": "minecraft:broken"
  }
}

    